UPC,Zoro_No,URL,ASIN,BSR,Price,Price difference,First Category,Seller
059733850031,G4310796,https://www.amazon.com/s?k=059733850031,N/A,N/A,N/A,N/A,N/A,N/A
193005253974,G806592515,https://www.amazon.com/s?k=193005253974,N/A,N/A,N/A,N/A,N/A,N/A
193005252229,G006592490,https://www.amazon.com/s?k=193005252229,N/A,N/A,N/A,N/A,N/A,N/A
193005195014,G3014247,https://www.amazon.com/s?k=193005195014,N/A,N/A,N/A,N/A,N/A,N/A
193005261931,G2444436,https://www.amazon.com/USA-Sealing-Inc-Black-Silicone-Adhesive-1/dp/B07935PV3T/ref=sr_1_1?dib=eyJ2IjoiMSJ9.S-K5xXAxfSPOqlx-2Sgs6Q.Pv25By06TNwJXJQ7L-3EhZAMzt7dZUMMtjFgi2Tz5hI&dib_tag=se&keywords=193005261931&qid=1729234853&sr=8-1,B07935PV3T,N/A,18.48,5.28309,N/A,Amazon.com
193005192419,G3340714,https://www.amazon.com/Polyurethane-Foam-Sheet-Black-Thick/dp/B0C3TCWWHL/ref=sr_1_1?dib=eyJ2IjoiMSJ9.deTO-v5ADISTZjZV7R4wgg.7ilNoc-ZZ4ACD0oQLtKSnI73T7DV6PPs1RtYhOeN5og&dib_tag=se&keywords=193005192419&qid=1729234879&sr=8-1,B0C3TCWWHL,N/A,35.04,9.716849999999997,N/A,"SIM Supply, Inc."
193005191948,G2366131,https://www.amazon.com/Polyurethane-Foam-Sheet-Black-Thick/dp/B0C3T65R5Z/ref=sr_1_1?dib=eyJ2IjoiMSJ9.QMYaoB59br4ju0eaYobSSA.hxGbUbP9p1PmYtSLF6xY4jBWukqXnhS8BqdkaK-BqTA&dib_tag=se&keywords=193005191948&qid=1729234905&sr=8-1,B0C3T65R5Z,N/A,175.99,33.56683000000001,N/A,Retail Hunters USA
193005241711,G6758457,https://www.amazon.com/USA-Sealing-Neoprene-Acrylic-Adhesive/dp/B0793933RR/ref=sr_1_1?dib=eyJ2IjoiMSJ9.CO4LIrtUZNWWmEBnRryLQg.khXbH8MAJJv4gWSUOA6jTFeoecWl9QXfhqO2T5vSIdw&dib_tag=se&keywords=193005241711&qid=1729234930&sr=8-1,B0793933RR,N/A,16.67,7.803890000000001,N/A,"SIM Supply, Inc."
193005137588,G4238365,https://www.amazon.com/USA-Sealing-Foam-Sheet-Adhesive/dp/B07CSQX568/ref=sr_1_1?dib=eyJ2IjoiMSJ9.nCg-LXPbLcQIli3PaHJAPA.oRs0J52NMksgIUwZQdLaHjLJ86OmmNe3WPl7eVsltOQ&dib_tag=se&keywords=193005137588&qid=1729234955&sr=8-1,B07CSQX568,N/A,45.07,10.760439999999996,N/A,"SIM Supply, Inc."
193005156886,G2447683,https://www.amazon.com/USA-Sealing-Extended-Microcellular-Polyurethane/dp/B07CRS3QBM/ref=sr_1_1?dib=eyJ2IjoiMSJ9.8YI2qoJLmSB_WrX0MrVa4g.1r0yc0GHC7HazslIqGPWvZYh5BYdwZXAbIVRgyyiKN8&dib_tag=se&keywords=193005156886&qid=1729234980&sr=8-1,B07CRS3QBM,N/A,23.85,13.251570000000001,N/A,Fix Supply Store
193005242565,G6758667,https://www.amazon.com/USA-Sealing-Neoprene-Sheet-Adhesive/dp/B07CRNQQBY/ref=sr_1_1?dib=eyJ2IjoiMSJ9.k3B6HUfewB1mXMaqb78BYQ.GDd13xKLLz78DnMLLtjVcgKvDrLEfnCCspD2Qw-qn_M&dib_tag=se&keywords=193005242565&qid=1729235005&sr=8-1,B07CRNQQBY,N/A,11.38,4.6071100000000005,N/A,Amazon.com
190735968321,G0339985,https://www.amazon.com/Hex-Nut-16-24-Gr-PK100/dp/B07PPZJRDD/ref=sr_1_1?dib=eyJ2IjoiMSJ9.f5Dq0S21SOcYyxF8CFBA4g.VNHlCNF1-afdy48Z8ohyyRw6fWKK8cu1yRFwhio8UkQ&dib_tag=se&keywords=190735968321&qid=1729235031&sr=8-1,B07PPZJRDD,N/A,41.58,33.36351,N/A,"SIM Supply, Inc."
632393588720,G1051032,https://www.amazon.com/Choice-CPB058-No-6-32-Nickel-Brass/dp/B0BSJBZ2MQ/ref=sr_1_1?dib=eyJ2IjoiMSJ9.xZZ0RZaEXEmAPa7JnpUYSQ.nZhix-hyflvfPcjb_ZYk1Ot7xg3iWIjzRx2RY4od55A&dib_tag=se&keywords=632393588720&qid=1729235055&sr=8-1,B0BSJBZ2MQ,N/A,25.45,6.767409999999998,N/A,"SIM Supply, Inc."
190735975978,G1923516,https://www.amazon.com/Batman-Collection-Ultra-Blu-ray-Digital/dp/B07Q76MTZC/ref=sr_1_1_sspa?keywords=190735975978&qid=1729235081&sr=8-1-spons&sp_csd=d2lkZ2V0TmFtZT1zcF9idGY&psc=1,B07Q76MTZC,"7,909",64.99,55.907349999999994,Movies & TV,Amazon.com
190735975978,G1923516,https://www.amazon.com/Flash-4KUHD-Digital-4K-UHD/dp/B0C7XC7L72/ref=sr_1_2_sspa?keywords=190735975978&qid=1729235081&sr=8-2-spons&sp_csd=d2lkZ2V0TmFtZT1zcF9idGY&psc=1,B0C7XC7L72,"1,446",17.99,8.907349999999997,Movies & TV,Amazon.com
190735975978,G1923516,https://www.amazon.com/Wizard-OZ-Anniversary-Theater-Steelbook/dp/B0DCK5F3Z4/ref=sr_1_3_sspa?keywords=190735975978&qid=1729235081&sr=8-3-spons&sp_csd=d2lkZ2V0TmFtZT1zcF9idGY&psc=1,B0DCK5F3Z4,"1,023",68.99,59.907349999999994,Movies & TV,Amazon.com
632393650052,G1871694,https://www.amazon.com/Manufacturer-Varies-CpNt-HgCrn-CPB146-1/dp/B07BLWXXJB/ref=sr_1_1?dib=eyJ2IjoiMSJ9.IXBUtH_CPJ16D137z2LK1A.NBgHHap5cPe6MLqYmtrED367zZhpt4U5wWv3hheZ9-0&dib_tag=se&keywords=632393650052&qid=1729235132&sr=8-1,B07BLWXXJB,N/A,11.85,7.31469,N/A,"SIM Supply, Inc."
190735976036,G1923577,https://www.amazon.com/Hex-Nut-16-18-Gr-PK100/dp/B08TJ3LBZJ/ref=sr_1_1?dib=eyJ2IjoiMSJ9.x70DmEj5t-uzvk5GO0eNfg.NIX1YKjLR11ZrhlKmAuWF3oqGlmlnvcBipub-egTFHQ&dib_tag=se&keywords=190735976036&qid=1729235158&sr=8-1,B08TJ3LBZJ,N/A,40.80,21.756509999999995,N/A,"SIM Supply, Inc."
715005432694,G0301296,https://www.amazon.com/s?k=715005432694,N/A,N/A,N/A,N/A,N/A,N/A
190735976258,G2004390,https://www.amazon.com/Washer-Dryer-Covers-Top-Waterproof/dp/B0D943D43B/ref=sr_1_1_sspa?keywords=190735976258&qid=1729235194&sr=8-1-spons&sp_csd=d2lkZ2V0TmFtZT1zcF9idGY&psc=1,B0D943D43B,"69,221",35.99,15.539000000000001,Tools & Home Improvement,Amazon
087302660521,G0602253,https://www.amazon.com/s?k=087302660521,N/A,N/A,N/A,N/A,N/A,N/A
190735983966,G9905038,https://www.amazon.com/Wizard-OZ-Anniversary-Theater-Steelbook/dp/B0DCK5F3Z4/ref=sr_1_1_sspa?keywords=190735983966&qid=1729235228&sr=8-1-spons&sp_csd=d2lkZ2V0TmFtZT1zcF9tdGY&psc=1,B0DCK5F3Z4,"1,023",68.99,60.88177999999999,Movies & TV,Amazon.com
190735983966,G9905038,https://www.amazon.com/Batman-Collection-Ultra-Blu-ray-Digital/dp/B07Q76MTZC/ref=sr_1_2_sspa?keywords=190735983966&qid=1729235228&sr=8-2-spons&sp_csd=d2lkZ2V0TmFtZT1zcF9tdGY&psc=1,B07Q76MTZC,"7,909",64.99,56.88177999999999,Movies & TV,Amazon.com
190735983966,G9905038,https://www.amazon.com/Flash-4KUHD-Digital-4K-UHD/dp/B0C7XC7L72/ref=sr_1_3_sspa?keywords=190735983966&qid=1729235228&sr=8-3-spons&sp_csd=d2lkZ2V0TmFtZT1zcF9tdGY&psc=1,B0C7XC7L72,"1,446",17.99,9.881779999999997,Movies & TV,Amazon.com
190735983966,G9905038,https://www.amazon.com/Harry-Potter-8-film-Collection-Blu-ray/dp/B075W1LFWP/ref=sr_1_4_sspa?keywords=190735983966&qid=1729235228&sr=8-4-spons&sp_csd=d2lkZ2V0TmFtZT1zcF9idGY&psc=1,B075W1LFWP,642,88.72,80.61178,Movies & TV,Amazon
190735983966,G9905038,https://www.amazon.com/Batman-85th-Anniv-Col-4KUHD/dp/B0D8CH9W8H/ref=sr_1_5_sspa?keywords=190735983966&qid=1729235228&sr=8-5-spons&sp_csd=d2lkZ2V0TmFtZT1zcF9idGY&psc=1,B0D8CH9W8H,"26,306",151.95,143.84178,Movies & TV,Amazon.com
190735983966,G9905038,https://www.amazon.com/James-Collection-Blu-ray-Timothy-Dalton/dp/B01IQJ3LOI/ref=sr_1_6_sspa?keywords=190735983966&qid=1729235228&sr=8-6-spons&sp_csd=d2lkZ2V0TmFtZT1zcF9idGY&psc=1,B01IQJ3LOI,355,70.48,62.37178,Movies & TV,Amazon.com
841213005778,G5127595,https://www.amazon.com/Spring-M6-1-00-Steel-PK25-Pieces/dp/B08GZYNRYS/ref=sr_1_1?dib=eyJ2IjoiMSJ9.Xc2eJU0F0zEjXVzA46UGKrhk2-xB8najMqtp7-YnYF0.IzGSNQx9q6pPXlt0gCMPKwQrNudu62p0GCAtI2yn76M&dib_tag=se&keywords=841213005778&qid=1729235313&sr=8-1,B08GZYNRYS,N/A,20.61,12.718319999999999,N/A,TERRATREE INC
841213005778,G5127595,https://www.amazon.com/MAIN-ST-COLLECTIVE-Black-Extruded/dp/B0DHTP377C/ref=sr_1_2?dib=eyJ2IjoiMSJ9.Xc2eJU0F0zEjXVzA46UGKrhk2-xB8najMqtp7-YnYF0.IzGSNQx9q6pPXlt0gCMPKwQrNudu62p0GCAtI2yn76M&dib_tag=se&keywords=841213005778&qid=1729235313&sr=8-2,B0DHTP377C,N/A,14.90,7.00832,N/A,N/A
096653974928,G1040584,https://www.amazon.com/s?k=096653974928,N/A,N/A,N/A,N/A,N/A,N/A
847656003449,G1843138,https://www.amazon.com/s?k=847656003449,N/A,N/A,N/A,N/A,N/A,N/A
074130007000,G4020922,https://www.amazon.com/Valvoline-Hydraulic-Fluid-Gal/dp/B00AC7Q65E/ref=sr_1_1?dib=eyJ2IjoiMSJ9.lA5r2YT8byaxVMjFl57n4Q._z9W0XsQZJ6WI2LF8XfMS9TQKoirrZwN49dCxduVo4A&dib_tag=se&keywords=074130007000&qid=1729235376&sr=8-1,B00AC7Q65E,"4,645,990",122.77,-19.17197,Automotive,WarriorSupplies
816692021298,G5100560,https://www.amazon.com/s?k=816692021298,N/A,N/A,N/A,N/A,N/A,N/A
096523871432,G2656211,https://www.amazon.com/Renewable-Lubricants-Bio-Food-Hydraulic-Gallon/dp/B00C3M4OAU/ref=sr_1_1?dib=eyJ2IjoiMSJ9.01w225uMOo3uZoWZmmLgVQ.jYKZINrZtvmmFUECRp8b8mCo8rRXT4D3mKMCu-sFUK4&dib_tag=se&keywords=096523871432&qid=1729235405&sr=8-1,B00C3M4OAU,"691,866",95.40,-6.2414699999999925,Industrial & Scientific,TERRATREE INC
096523872545,G1739464,https://www.amazon.com/Gear-Oil-Bio-Based-ISO-220/dp/B00C3M55FI/ref=sr_1_1?dib=eyJ2IjoiMSJ9.68jplgGNfTg1CiPc9FH9Fw.CkMksOhsCp9dLrgGB-nSNKQwJcJAp24iViP2cl57WmA&dib_tag=se&keywords=096523872545&qid=1729235428&sr=8-1,B00C3M55FI,"4,649,072",412.48,-16.978970000000004,Automotive,SEKEGE
190735978047,G7596526,https://www.amazon.com/s?k=190735978047,N/A,N/A,N/A,N/A,N/A,N/A
190735977934,G7596587,https://www.amazon.com/FainWan-56026779-Pressure-Compatible-56026779AB/dp/B0CYHG5SC3/ref=sr_1_1_sspa?keywords=190735977934&qid=1729235461&sr=8-1-spons&sp_csd=d2lkZ2V0TmFtZT1zcF9idGY&psc=1,B0CYHG5SC3,"4,852,685",15.99,-11.715090000000002,Automotive,Amazon
848790056544,G0401466,https://www.amazon.com/s?k=848790056544,N/A,N/A,N/A,N/A,N/A,N/A
736791021886,G6190441,https://www.amazon.com/Clevis-Pin-Stnless-Steel-Dia/dp/B07B6BJ4MS/ref=sr_1_1?dib=eyJ2IjoiMSJ9.xUloy2YbRR2TqvAKkot37Q.RrwZh_S8wtrZWVcF6TD1S6wgJ2RD1emBnNQUwbJ5ODo&dib_tag=se&keywords=736791021886&qid=1729235490&sr=8-1,B07B6BJ4MS,N/A,16.98,14.22513,N/A,N/A
724920065092,G3765382,https://www.amazon.com/BUYERS-Linch-Manufacturer-Part-Number/dp/B008Y1XVDU/ref=sr_1_1?dib=eyJ2IjoiMSJ9.bIjvfh06cgWAWMCmxZcJoQ.aKVOMzU3jjcDCqguntshudA725YfOsNyv4V0OOfh2Bo&dib_tag=se&keywords=724920065092&qid=1729235518&sr=8-1,B008Y1XVDU,N/A,5.93,5.4006799999999995,N/A,sa retail inc
724920245050,G610877228,https://www.amazon.com/ALAZA-American-Dishwasher-Magnetic-Refrigerator/dp/B0BFVPRBJF/ref=sr_1_1_sspa?keywords=724920245050&qid=1729235544&sr=8-1-spons&sp_csd=d2lkZ2V0TmFtZT1zcF9idGY&th=1,B0BFVPRBJF,"476,545",27.99,20.543429999999997,Tools & Home Improvement,YZGO
724920245050,G610877228,https://www.amazon.com/ALAZA-Dishwasher-Magnetic-Refrigerator-Sticker/dp/B0BFW9Q6NJ/ref=sr_1_2_sspa?keywords=724920245050&qid=1729235544&sr=8-2-spons&sp_csd=d2lkZ2V0TmFtZT1zcF9idGY&psc=1,B0BFW9Q6NJ,"1,139,676",27.99,20.543429999999997,Tools & Home Improvement,YZGO
724920245050,G610877228,https://www.amazon.com/ALAZA-American-Dishwasher-Magnetic-Refrigerator/dp/B0BG5CX48Z/ref=sr_1_3_sspa?keywords=724920245050&qid=1729235544&sr=8-3-spons&sp_csd=d2lkZ2V0TmFtZT1zcF9idGY&psc=1,B0BG5CX48Z,"2,118,897",27.99,20.543429999999997,Tools & Home Improvement,YZGO
724920245050,G610877228,https://www.amazon.com/ALAZA-American-Dishwasher-Magnetic-Refrigerator/dp/B0BFVXBRFM/ref=sr_1_4_sspa?keywords=724920245050&qid=1729235544&sr=8-4-spons&sp_csd=d2lkZ2V0TmFtZT1zcF9idGY&th=1,B0BFVXBRFM,"259,365",27.99,20.543429999999997,Tools & Home Improvement,YZGO
190735970560,G0344079,https://www.amazon.com/HHCS-16-14x3-Steel-Plain-PK10/dp/B07YLT5V5Q/ref=sr_1_1?dib=eyJ2IjoiMSJ9.z4pQpVrsBvtNwPe_23zGUw.CHs8xtebVO7ROpSs9Gx0Rt-Sm1soa3MR6zUfYdVQQ6I&dib_tag=se&keywords=190735970560&qid=1729235595&sr=8-1,B07YLT5V5Q,N/A,16.07,7.745239999999999,N/A,"SIM Supply, Inc."
008236873726,G2992421,https://www.amazon.com/sumsync-Halloween-Pumpkin-Dig-Kit/dp/B0C52TPGWX/ref=sr_1_1_sspa?keywords=008236873726&qid=1729235620&sr=8-1-spons&sp_csd=d2lkZ2V0TmFtZT1zcF9idGY&th=1,B0C52TPGWX,"9,507",19.99,13.614099999999997,Toys & Games,Amazon
008236873726,G2992421,https://www.amazon.com/Kikkerland-Standing-Windowsill-Decoration-Educational/dp/B09WJ41G4C/ref=sr_1_2_sspa?keywords=008236873726&qid=1729235620&sr=8-2-spons&sp_csd=d2lkZ2V0TmFtZT1zcF9idGY&th=1,B09WJ41G4C,"3,157",37.50,31.1241,Garden Suncatchers,Kikkerland Design
008236873726,G2992421,https://www.amazon.com/Handcrafted-Leather-Writing-Unlined-JOURNAL/dp/B007SGVGJ8/ref=sr_1_3_sspa?keywords=008236873726&qid=1729235620&sr=8-3-spons&sp_csd=d2lkZ2V0TmFtZT1zcF9idGY&th=1,B007SGVGJ8,"27,569",12.99,6.6141,Office Products,Amazon
190735968482,G0340411,https://www.amazon.com/s?k=190735968482,N/A,N/A,N/A,N/A,N/A,N/A
190735962916,G3031874,https://www.amazon.com/Wizard-OZ-Anniversary-Theater-Steelbook/dp/B0DCK5F3Z4/ref=sr_1_1_sspa?keywords=190735962916&qid=1729235669&sr=8-1-spons&sp_csd=d2lkZ2V0TmFtZT1zcF9tdGY&psc=1,B0DCK5F3Z4,"1,023",68.99,48.538999999999994,Movies & TV,Amazon.com
190735962916,G3031874,https://www.amazon.com/Batman-Collection-Ultra-Blu-ray-Digital/dp/B07Q76MTZC/ref=sr_1_2_sspa?keywords=190735962916&qid=1729235669&sr=8-2-spons&sp_csd=d2lkZ2V0TmFtZT1zcF9tdGY&psc=1,B07Q76MTZC,"7,909",64.99,44.538999999999994,Movies & TV,Amazon.com
190735962916,G3031874,https://www.amazon.com/Batman-85th-Anniv-Col-4KUHD/dp/B0D8CH9W8H/ref=sr_1_3_sspa?keywords=190735962916&qid=1729235669&sr=8-3-spons&sp_csd=d2lkZ2V0TmFtZT1zcF9tdGY&psc=1,B0D8CH9W8H,"26,306",151.95,131.499,Movies & TV,Amazon.com
190735962916,G3031874,https://www.amazon.com/Flash-4KUHD-Digital-4K-UHD/dp/B0C7XC7L72/ref=sr_1_4_sspa?keywords=190735962916&qid=1729235669&sr=8-4-spons&sp_csd=d2lkZ2V0TmFtZT1zcF9idGY&psc=1,B0C7XC7L72,"1,446",17.99,-2.461000000000002,Movies & TV,Amazon.com
190735962916,G3031874,https://www.amazon.com/James-Collection-Blu-ray-Timothy-Dalton/dp/B01IQJ3LOI/ref=sr_1_5_sspa?keywords=190735962916&qid=1729235669&sr=8-5-spons&sp_csd=d2lkZ2V0TmFtZT1zcF9idGY&psc=1,B01IQJ3LOI,355,70.48,50.029,Movies & TV,Amazon.com
190735962916,G3031874,https://www.amazon.com/Harry-Potter-8-film-Collection-Blu-ray/dp/B075W1LFWP/ref=sr_1_6_sspa?keywords=190735962916&qid=1729235669&sr=8-6-spons&sp_csd=d2lkZ2V0TmFtZT1zcF9idGY&psc=1,B075W1LFWP,642,88.72,68.269,Movies & TV,Amazon
190735984109,G9905117,https://www.amazon.com/Carriage-Bolt-Square-M8-1-25-PK25/dp/B08HJPZFZ3/ref=sr_1_1?dib=eyJ2IjoiMSJ9.6Zfz_vLXILB-VWy7EySJAg.zpNTfeMcTckKYbuermgfGF3NMGHDGwwJav0uL0nY4lc&dib_tag=se&keywords=190735984109&qid=1729235755&sr=8-1,B08HJPZFZ3,N/A,17.86,7.9111899999999995,N/A,"SIM Supply, Inc."
190735944073,G2609862,https://www.amazon.com/Oakley-Mens-Leather-Coyote-Blackout/dp/B0BBDQWMJK/ref=sr_1_1_sspa?keywords=190735944073&qid=1729235780&sr=8-1-spons&sp_csd=d2lkZ2V0TmFtZT1zcF9idGY&psc=1,B0BBDQWMJK,"102,716",89.99,78.88631,,Eurooptic (✅ Authorized Dealer ✅ Fastest Shipping)
190735961797,G1935902,https://www.amazon.com/New-Adventures-Batman-Complete-Collection/dp/B0D2K4NV15/ref=sr_1_1_sspa?keywords=190735961797&qid=1729235804&sr=8-1-spons&sp_csd=d2lkZ2V0TmFtZT1zcF9tdGY&psc=1,B0D2K4NV15,"3,579",18.99,-0.48657000000000394,Movies & TV,Amazon.com
190735961797,G1935902,https://www.amazon.com/Beetlejuice-4K-Ultra-Blu-ray-Digital/dp/B08BW41PTV/ref=sr_1_2_sspa?keywords=190735961797&qid=1729235804&sr=8-2-spons&sp_csd=d2lkZ2V0TmFtZT1zcF9idGY&psc=1,B08BW41PTV,147,16.99,-2.486570000000004,Movies & TV,Amazon.com
190735961797,G1935902,https://www.amazon.com/New-Scooby-Doo-Movies-Complete-Collection/dp/B07Q8DS9Q6/ref=sr_1_3_sspa?keywords=190735961797&qid=1729235804&sr=8-3-spons&sp_csd=d2lkZ2V0TmFtZT1zcF9idGY&psc=1,B07Q8DS9Q6,"14,224",30.86,11.383429999999997,Movies & TV,Amazon.com
190735961797,G1935902,https://www.amazon.com/Christmas-Story-Ultra-Blu-Ray-Digital/dp/B0BC24H2GK/ref=sr_1_4_sspa?keywords=190735961797&qid=1729235804&sr=8-4-spons&sp_csd=d2lkZ2V0TmFtZT1zcF9idGY&psc=1,B0BC24H2GK,"3,036",24.99,5.513429999999996,Movies & TV,Amazon.com
190735966020,G0326527,https://www.amazon.com/HHCS-16-20x3-Steel-Gr-PK25/dp/B07YLTVK1N/ref=sr_1_1?dib=eyJ2IjoiMSJ9.FB3xPlJgtyjLYsl6zt8U5w.UmAuOl73G9wLLmxxteGOlI7vd3SK15k-ipt3jb50YZM&dib_tag=se&keywords=190735966020&qid=1729235871&sr=8-1,B07YLTVK1N,N/A,19.22,8.441119999999998,N/A,"SIM Supply, Inc."
087302652137,G3247501,https://www.amazon.com/s?k=087302652137,N/A,N/A,N/A,N/A,N/A,N/A
190735969151,G0341260,https://www.amazon.com/s?k=190735969151,N/A,N/A,N/A,N/A,N/A,N/A
190735964729,G0325206,https://www.amazon.com/HHCS-8-9x3-1-Steel-Gr-PK5/dp/B07YLT6CTN/ref=sr_1_1?dib=eyJ2IjoiMSJ9.K4Tcy9SVYSBBTv_Il13_9Q.9T1IjJ5pHw1dP7uuYwPUe21KsqXaZF2xWRjW-6sU5Go&dib_tag=se&keywords=190735964729&qid=1729235916&sr=8-1,B07YLT6CTN,"219,203",32.02,9.4036,Industrial & Scientific,"SIM Supply, Inc."
190735963548,G0317101,https://www.amazon.com/s?k=190735963548,N/A,N/A,N/A,N/A,N/A,N/A
190735976180,G1924548,https://www.amazon.com/s?k=190735976180,N/A,N/A,N/A,N/A,N/A,N/A
190735966952,G0327470,https://www.amazon.com/HHCS-8-16x2-Steel-Gr-PK25/dp/B07Q5HJ1Y9/ref=sr_1_1?dib=eyJ2IjoiMSJ9.hmOvaNnYSfSTIq6Lhr9lPA.qAvP7YkSc7DcUHmdd8HlgkBQBDzGrpPiFErYieJsKKg&dib_tag=se&keywords=190735966952&qid=1729235957&sr=8-1,B07Q5HJ1Y9,N/A,19.22,8.080219999999999,N/A,"SIM Supply, Inc."
082893310435,G0279386,https://www.amazon.com/s?k=082893310435,N/A,N/A,N/A,N/A,N/A,N/A
190735967232,G0327769,https://www.amazon.com/s?k=190735967232,N/A,N/A,N/A,N/A,N/A,N/A
190735967034,G0327559,https://www.amazon.com/s?k=190735967034,N/A,N/A,N/A,N/A,N/A,N/A
190735945988,G2933290,https://www.amazon.com/s?k=190735945988,N/A,N/A,N/A,N/A,N/A,N/A
190735965832,G0326326,https://www.amazon.com/HHCS-2-13x4-Steel-Plain-PK5/dp/B07YLT7H7H/ref=sr_1_1?dib=eyJ2IjoiMSJ9.hLA8rINzCTyMp1kjevUaUw.EbFoJjm29knK_2JCUwgS9nMa0dh9cbamLjG9KeFJ6O8&dib_tag=se&keywords=190735965832&qid=1729236019&sr=8-1,B07YLT7H7H,"1,282,137",14.25,7.874099999999999,Industrial & Scientific,"SIM Supply, Inc."
190735965078,G0325556,https://www.amazon.com/HHCS-16-12x3-1-Steel-Gr-PK10/dp/B07YLTMGTF/ref=sr_1_1?dib=eyJ2IjoiMSJ9.knESwAMh8MuLA0cjpLGFVg.s3wavgZ0F7PU_SdJfieqaqr2xgNTYJRvbZ-bn8VgMPc&dib_tag=se&keywords=190735965078&qid=1729236041&sr=8-1,B07YLTMGTF,N/A,26.94,8.870940000000001,N/A,"SIM Supply, Inc."
190735965788,G0326271,https://www.amazon.com/HHCS-8-11x3-1-Steel-Plain-PK5/dp/B07YLSYL41/ref=sr_1_1?dib=eyJ2IjoiMSJ9.2ouqVrrS49kKYiHWBiTdfw.Jx8zP3_JTGgNaUWPSqkg-Yy851xMhK02-KVYB_T7cKE&dib_tag=se&keywords=190735965788&qid=1729236067&sr=8-1,B07YLSYL41,N/A,14.69,6.7983199999999995,N/A,"SIM Supply, Inc."
190735961674,G1862996,https://www.amazon.com/s?k=190735961674,N/A,N/A,N/A,N/A,N/A,N/A
632393602501,G0708373,https://www.amazon.com/Materro-MPB3044-3-8-Pieces/dp/B07YLT94T1/ref=sr_1_1?dib=eyJ2IjoiMSJ9.40tFaAbj-EV3shNPbWSJQQ.qlICo0OotDM7rQhhlujahLZMEyrvymSr0Vd55wPteu8&dib_tag=se&keywords=632393602501&qid=1729236100&sr=8-1,B07YLT94T1,N/A,16.27,7.764789999999998,N/A,"SIM Supply, Inc."
190735976685,G2602166,https://www.amazon.com/Flash-4KUHD-Digital-4K-UHD/dp/B0C7XC7L72/ref=sr_1_1_sspa?keywords=190735976685&qid=1729236125&sr=8-1-spons&sp_csd=d2lkZ2V0TmFtZT1zcF9tdGY&psc=1,B0C7XC7L72,"1,446",17.99,4.143469999999997,Movies & TV,Amazon.com
190735976685,G2602166,https://www.amazon.com/James-Collection-Blu-ray-Timothy-Dalton/dp/B01IQJ3LOI/ref=sr_1_2_sspa?keywords=190735976685&qid=1729236125&sr=8-2-spons&sp_csd=d2lkZ2V0TmFtZT1zcF9tdGY&psc=1,B01IQJ3LOI,355,70.48,56.63347,Movies & TV,Amazon.com
190735976685,G2602166,https://www.amazon.com/Batman-Collection-Ultra-Blu-ray-Digital/dp/B07Q76MTZC/ref=sr_1_3_sspa?keywords=190735976685&qid=1729236125&sr=8-3-spons&sp_csd=d2lkZ2V0TmFtZT1zcF9tdGY&psc=1,B07Q76MTZC,"7,909",64.99,51.14346999999999,Movies & TV,Amazon.com
190735976685,G2602166,https://www.amazon.com/Wizard-OZ-Anniversary-Theater-Steelbook/dp/B0DCK5F3Z4/ref=sr_1_4_sspa?keywords=190735976685&qid=1729236125&sr=8-4-spons&sp_csd=d2lkZ2V0TmFtZT1zcF9idGY&psc=1,B0DCK5F3Z4,"1,023",68.99,55.14346999999999,Movies & TV,Amazon.com
190735976685,G2602166,https://www.amazon.com/New-Scooby-Doo-Movies-Complete-Collection/dp/B07Q9HRBGW/ref=sr_1_5_sspa?keywords=190735976685&qid=1729236125&sr=8-5-spons&sp_csd=d2lkZ2V0TmFtZT1zcF9idGY&psc=1,B07Q9HRBGW,832,14.79,0.9434699999999978,Movies & TV,Amazon.com
190735976685,G2602166,https://www.amazon.com/Mad-Max-5-Film-Collection-Limited/dp/B0D3VJB1Y1/ref=sr_1_6_sspa?keywords=190735976685&qid=1729236125&sr=8-6-spons&sp_csd=d2lkZ2V0TmFtZT1zcF9idGY&psc=1,B0D3VJB1Y1,"3,417",104.62,90.77347,Movies & TV,Amazon.com
190735969953,G0342749,https://www.amazon.com/HHCS-16-24x1-1-Steel-Plain-PK100/dp/B08TKDX9M6/ref=sr_1_1?dib=eyJ2IjoiMSJ9.WdD1OWY_vcWdqs3akbXNxw.fzf7M46GaQBRPWvN9EhNJnd--PAZ8vrW_j8pFbv7GI4&dib_tag=se&keywords=190735969953&qid=1729236214&sr=8-1,B08TKDX9M6,N/A,25.81,8.751459999999998,N/A,"SIM Supply, Inc."
190735969441,G0341778,https://www.amazon.com/s?k=190735969441,N/A,N/A,N/A,N/A,N/A,N/A
190735961858,G1982346,https://www.amazon.com/Hex-Cap-Screw-8-11x4-1-PK5/dp/B08TKMFLM8/ref=sr_1_1?dib=eyJ2IjoiMSJ9.ZAr_oDOWc3H8uQuymthkdw.28irodDF9pIbqtj6JsNnu83esIynHNr4hseWGNvDCIw&dib_tag=se&keywords=190735961858&qid=1729236248&sr=8-1,B08TKMFLM8,N/A,22.94,10.17617,N/A,AgileCollection
190735969472,G0341805,https://www.amazon.com/s?k=190735969472,N/A,N/A,N/A,N/A,N/A,N/A
632393602464,G0250162,https://www.amazon.com/s?k=632393602464,N/A,N/A,N/A,N/A,N/A,N/A
190735965580,G0326061,https://www.amazon.com/HHCS-16-18x2-1-Steel-Gr-PK50/dp/B07YLV4HYX/ref=sr_1_1?dib=eyJ2IjoiMSJ9.Zjant0DioJugAiCdfMAQDw.QuZ1ZUbLgeNXq0nlieQYmawRn2RhDdnryrH5PwBsuks&dib_tag=se&keywords=190735965580&qid=1729236291&sr=8-1,B07YLV4HYX,N/A,26.94,9.44838,N/A,"SIM Supply, Inc."
190735960493,G0804413,https://www.amazon.com/Hex-Cap-Screw-8-16x5-PK10/dp/B07YLSYMQD/ref=sr_1_1?dib=eyJ2IjoiMSJ9.KMteUXvWtOjzWVmhSeaLaQ.Be2dBOvPTV2ilkCYnHppFQf_aWRZ9QU9GLs3XhmVD18&dib_tag=se&keywords=190735960493&qid=1729236316&sr=8-1,B07YLSYMQD,N/A,24.85,8.657619999999998,N/A,"SIM Supply, Inc."
082893284484,G1264051,https://www.amazon.com/ALAZA-American-Dishwasher-Magnetic-Refrigerator/dp/B0BG5CX48Z/ref=sr_1_1_sspa?keywords=082893284484&qid=1729236341&sr=8-1-spons&sp_csd=d2lkZ2V0TmFtZT1zcF9idGY&psc=1,B0BG5CX48Z,"2,118,897",27.99,14.720909999999998,Tools & Home Improvement,YZGO
082893284484,G1264051,https://www.amazon.com/ALAZA-Mandala-Dishwasher-Magnetic-Refrigerator/dp/B0D9GVWJGY/ref=sr_1_2_sspa?keywords=082893284484&qid=1729236341&sr=8-2-spons&sp_csd=d2lkZ2V0TmFtZT1zcF9idGY&psc=1,B0D9GVWJGY,"1,563,863",29.99,16.720909999999996,Kitchen & Dining,YZGO
082893284484,G1264051,https://www.amazon.com/ALAZA-Dishwasher-Magnetic-Refrigerator-Sticker/dp/B0BFVPQ8HW/ref=sr_1_3_sspa?keywords=082893284484&qid=1729236341&sr=8-3-spons&sp_csd=d2lkZ2V0TmFtZT1zcF9idGY&psc=1,B0BFVPQ8HW,"1,555,416",27.99,14.720909999999998,Tools & Home Improvement,YZGO
190735966709,G0327227,https://www.amazon.com/ALAZA-Dishwasher-Magnetic-Refrigerator-Sticker/dp/B0BFVPQ8HW/ref=sr_1_1_sspa?keywords=190735966709&qid=1729236383&sr=8-1-spons&sp_csd=d2lkZ2V0TmFtZT1zcF9idGY&psc=1,B0BFVPQ8HW,"1,555,416",27.99,19.340429999999998,Tools & Home Improvement,YZGO
190735966709,G0327227,https://www.amazon.com/ALAZA-Dishwasher-Magnetic-Refrigerator-Sticker/dp/B0BG5CH5SW/ref=sr_1_2_sspa?keywords=190735966709&qid=1729236383&sr=8-2-spons&sp_csd=d2lkZ2V0TmFtZT1zcF9idGY&psc=1,B0BG5CH5SW,N/A,27.99,19.340429999999998,N/A,YZGO
190735966709,G0327227,https://www.amazon.com/ALAZA-Mandala-Dishwasher-Magnetic-Refrigerator/dp/B0BFW5F62N/ref=sr_1_3_sspa?keywords=190735966709&qid=1729236383&sr=8-3-spons&sp_csd=d2lkZ2V0TmFtZT1zcF9idGY&psc=1,B0BFW5F62N,"2,257,080",27.99,19.340429999999998,Tools & Home Improvement,YZGO
087302647881,G2631483,https://www.amazon.com/What-Great-Principals-Do-Differently/dp/036734467X/ref=sr_1_1_sspa?keywords=087302647881&qid=1729236429&sr=8-1-spons&sp_csd=d2lkZ2V0TmFtZT1zcF9idGY&psc=1,036734467X,"31,424",21.49,14.57275,Books,Amazon.com
190735968932,G0341035,https://www.amazon.com/ALAZA-American-Painting-Dishwasher-Refrigerator/dp/B0BG5F9B4G/ref=sr_1_1_sspa?keywords=190735968932&qid=1729236454&sr=8-1-spons&sp_csd=d2lkZ2V0TmFtZT1zcF9idGY&th=1,B0BG5F9B4G,"259,365",27.99,18.04119,Tools & Home Improvement,YZGO
190735968932,G0341035,https://www.amazon.com/ALAZA-Abstract-Dishwasher-Magnetic-Refrigerator/dp/B0BFVLRSSC/ref=sr_1_2_sspa?keywords=190735968932&qid=1729236454&sr=8-2-spons&sp_csd=d2lkZ2V0TmFtZT1zcF9idGY&th=1,B0BFVLRSSC,"256,539",27.99,18.04119,Tools & Home Improvement,YZGO
190735968932,G0341035,https://www.amazon.com/ALAZA-Halloween-Dishwasher-Magnetic-Refrigerator/dp/B0BFVPTTPH/ref=sr_1_3_sspa?keywords=190735968932&qid=1729236454&sr=8-3-spons&sp_csd=d2lkZ2V0TmFtZT1zcF9idGY&psc=1,B0BFVPTTPH,"1,447,022",27.99,18.04119,Kitchen & Dining,YZGO
190735962640,G2798101,https://www.amazon.com/Flash-4KUHD-Digital-4K-UHD/dp/B0C7XC7L72/ref=sr_1_1_sspa?keywords=190735962640&qid=1729236494&sr=8-1-spons&sp_csd=d2lkZ2V0TmFtZT1zcF9tdGY&psc=1,B0C7XC7L72,"1,721",17.99,8.799079999999998,Movies & TV,Amazon.com
190735962640,G2798101,https://www.amazon.com/Batman-Collection-Ultra-Blu-ray-Digital/dp/B07Q76MTZC/ref=sr_1_2_sspa?keywords=190735962640&qid=1729236494&sr=8-2-spons&sp_csd=d2lkZ2V0TmFtZT1zcF9tdGY&psc=1,B07Q76MTZC,"7,909",64.99,55.79908,Movies & TV,Amazon.com
190735962640,G2798101,https://www.amazon.com/James-Collection-Blu-ray-Timothy-Dalton/dp/B01IQJ3LOI/ref=sr_1_3_sspa?keywords=190735962640&qid=1729236494&sr=8-3-spons&sp_csd=d2lkZ2V0TmFtZT1zcF9tdGY&psc=1,B01IQJ3LOI,355,70.48,61.289080000000006,Movies & TV,Amazon.com
190735962640,G2798101,https://www.amazon.com/Batman-85th-Anniv-Col-4KUHD/dp/B0D8CH9W8H/ref=sr_1_4_sspa?keywords=190735962640&qid=1729236494&sr=8-4-spons&sp_csd=d2lkZ2V0TmFtZT1zcF9idGY&psc=1,B0D8CH9W8H,"26,306",151.95,142.75907999999998,Movies & TV,Amazon.com
190735962640,G2798101,https://www.amazon.com/Wizard-OZ-Anniversary-Theater-Steelbook/dp/B0DCK5F3Z4/ref=sr_1_5_sspa?keywords=190735962640&qid=1729236494&sr=8-5-spons&sp_csd=d2lkZ2V0TmFtZT1zcF9idGY&psc=1,B0DCK5F3Z4,"1,023",68.99,59.79908,Movies & TV,Amazon.com
190735962640,G2798101,https://www.amazon.com/Mad-Max-5-Film-Collection-Limited/dp/B0D3VJB1Y1/ref=sr_1_6_sspa?keywords=190735962640&qid=1729236494&sr=8-6-spons&sp_csd=d2lkZ2V0TmFtZT1zcF9idGY&psc=1,B0D3VJB1Y1,"3,417",104.62,95.42908,Movies & TV,Amazon.com
190735970287,G0343625,https://www.amazon.com/Supernatural-Complete-Repackaged-Jared-Padalecki/dp/B0D63N9PSS/ref=sr_1_1_sspa?keywords=190735970287&qid=1729236583&sr=8-1-spons&sp_csd=d2lkZ2V0TmFtZT1zcF9idGY&psc=1,B0D63N9PSS,"1,641",139.99,131.77351000000002,Movies & TV,Amazon.com
190735970287,G0343625,https://www.amazon.com/American-Sniper-Ultra-Digital-UHD/dp/B0CYHGNMDS/ref=sr_1_2_sspa?keywords=190735970287&qid=1729236583&sr=8-2-spons&sp_csd=d2lkZ2V0TmFtZT1zcF9idGY&psc=1,B0CYHGNMDS,"2,075",20.14,11.92351,Movies & TV,Amazon.com
190735970287,G0343625,https://www.amazon.com/Nightmare-Street-Theatrical-Uncut-Digital/dp/B0DB8RCLB3/ref=sr_1_3_sspa?keywords=190735970287&qid=1729236583&sr=8-3-spons&sp_csd=d2lkZ2V0TmFtZT1zcF9idGY&psc=1,B0DB8RCLB3,6,23.79,15.573509999999999,Movies & TV,Amazon.com
190735966648,G0327166,https://www.amazon.com/HHCS-8-11x2-1-Steel-Gr-PK5/dp/B07YLSZCKP/ref=sr_1_1?dib=eyJ2IjoiMSJ9.CdHNqNTCTEb3Vrx7Tqs1UQ.FFHEqwU2Uu_DdVKDB1yAbRufsYtUy11mnpNHnZE3o_M&dib_tag=se&keywords=190735966648&qid=1729236636&sr=8-1,B07YLSZCKP,N/A,14.22,7.55538,N/A,"SIM Supply, Inc."
190735969847,G0342548,https://www.amazon.com/s?k=190735969847,N/A,N/A,N/A,N/A,N/A,N/A
190735971680,G0345390,https://www.amazon.com/HHCS-4-20x3-Steel-Plain-PK100/dp/B07YLVBYVR/ref=sr_1_1?dib=eyJ2IjoiMSJ9.A19yttvWwn26AmtGXGw9kw.GUnHJ3dDKfIE-pFuvzwtVvaNBFjPcw7ielC_JtQHTN8&dib_tag=se&keywords=190735971680&qid=1729236670&sr=8-1,B07YLVBYVR,N/A,16.64,7.8099799999999995,N/A,"SIM Supply, Inc."
190735973158,G0691096,https://www.amazon.com/HHCS-4-10x2-1-Steel-Gr-PK5/dp/B07YLSS3VJ/ref=sr_1_1?dib=eyJ2IjoiMSJ9.mbr0xi4VG2BT3AG7Ixo_pw.fljPiMTO9Vf7tTmYiUoEu8z1XpeLH1Eypl-RLXMSQuw&dib_tag=se&keywords=190735973158&qid=1729236695&sr=8-1,B07YLSS3VJ,N/A,23.64,8.53032,N/A,"SIM Supply, Inc."
614121181595,G3309979,https://www.amazon.com/PRECISION-METALS-5PK-020-8159/dp/B000BQURB0/ref=sr_1_1?dib=eyJ2IjoiMSJ9.XQgslo7Vc1tk7yqZ0mN8XEMit5LEJVc_HrmETp7MVgo.U_DGwuVKU935qfRE0o-DpjFnNoOtJFynpR4lCEmvrzI&dib_tag=se&keywords=614121181595&qid=1729236720&sr=8-1&th=1,B000BQURB0,"17,671",4.95,3.37407,Industrial & Scientific,Amazon
614121181595,G3309979,https://www.amazon.com/Solid-Rod-0-020-Brass-Pack/dp/B00PCHK9F2/ref=sr_1_2?dib=eyJ2IjoiMSJ9.XQgslo7Vc1tk7yqZ0mN8XEMit5LEJVc_HrmETp7MVgo.U_DGwuVKU935qfRE0o-DpjFnNoOtJFynpR4lCEmvrzI&dib_tag=se&keywords=614121181595&qid=1729236720&sr=8-2,B00PCHK9F2,N/A,6.51,4.93407,N/A,Amazon
614121102583,G6073191,https://www.amazon.com/PRECISION-METALS-258-Metal-ASSTD/dp/B001BRT4CG/ref=sr_1_1?dib=eyJ2IjoiMSJ9.GhaXvrz_ALQcYh6QXS7s-fF0xfpcpRQIPg73gfWIdU_GjHj071QN20LucGBJIEps.Jnv-KFS7r68vEjXtovdLHyIXlnWibxByJc7cifTw-gY&dib_tag=se&keywords=614121102583&qid=1729236763&sr=8-1,B001BRT4CG,"200,973",8.87,-14.071210000000002,Industrial & Scientific,Amazon
614121102583,G6073191,https://www.amazon.com/Engineering-258-Brass-Metal-Assorted/dp/B000H5WGDM/ref=sr_1_2?dib=eyJ2IjoiMSJ9.GhaXvrz_ALQcYh6QXS7s-fF0xfpcpRQIPg73gfWIdU_GjHj071QN20LucGBJIEps.Jnv-KFS7r68vEjXtovdLHyIXlnWibxByJc7cifTw-gY&dib_tag=se&keywords=614121102583&qid=1729236763&sr=8-2,B000H5WGDM,N/A,3.98,-18.96121,N/A,bestbrandsupply
614121102583,G6073191,https://www.amazon.com/K-S-Sheet-Brass-Boxed/dp/B009YO0A3U/ref=sr_1_3?dib=eyJ2IjoiMSJ9.GhaXvrz_ALQcYh6QXS7s-fF0xfpcpRQIPg73gfWIdU_GjHj071QN20LucGBJIEps.Jnv-KFS7r68vEjXtovdLHyIXlnWibxByJc7cifTw-gY&dib_tag=se&keywords=614121102583&qid=1729236763&sr=8-3,B009YO0A3U,N/A,23.29,0.3487899999999975,N/A,MaxWarehouse
614121181526,G3309489,https://www.amazon.com/Precision-Metals-8152-32x12-Brass/dp/B00FZS29II/ref=sr_1_1?dib=eyJ2IjoiMSJ9.dokjpIYAEMbOAWYe_6WyqikF5wkWXsG7TQB55QmWLf8._U83w9CwFlSIZsHIAU5t1OIofC1PdzCgBceaPbJfsvc&dib_tag=se&keywords=614121181526&qid=1729236897&sr=8-1,B00FZS29II,"39,115",4.83,2.35182,Industrial & Scientific,Amazon
614121181526,G3309489,https://www.amazon.com/Square-Brass-Tube-12-pack/dp/B000H5MOMA/ref=sr_1_2?dib=eyJ2IjoiMSJ9.dokjpIYAEMbOAWYe_6WyqikF5wkWXsG7TQB55QmWLf8._U83w9CwFlSIZsHIAU5t1OIofC1PdzCgBceaPbJfsvc&dib_tag=se&keywords=614121181526&qid=1729236897&sr=8-2,B000H5MOMA,N/A,22.27,19.79182,N/A,bestbrandsupply
097758040129,G9619617,https://www.amazon.com/Pferd-Needle-Diamond-Coarse-Length/dp/B002UUMRQ8/ref=sr_1_1?dib=eyJ2IjoiMSJ9.eDYrVAwwjGd-zCDnG8IIXw.cHzWH-7h-zTVVEExZm_GF0RPjwYN7E1HlxKS3ogQWz0&dib_tag=se&keywords=097758040129&qid=1729237365&sr=8-1,B002UUMRQ8,"1,188,632",137.59,-70.51697000000001,Tools & Home Improvement,German Sanitary&Tool Shop
097758040129,G9619617,https://www.amazon.com/PFERD-Tanged-Without-Handle-special/dp/B0024R0H6O/ref=sr_1_2_sspa?dib=eyJ2IjoiMSJ9.eDYrVAwwjGd-zCDnG8IIXw.cHzWH-7h-zTVVEExZm_GF0RPjwYN7E1HlxKS3ogQWz0&dib_tag=se&keywords=097758040129&qid=1729237365&sr=8-2-spons&sp_csd=d2lkZ2V0TmFtZT1zcF9idGY&th=1,B0024R0H6O,"282,154",25.96,-182.14697,Tools & Home Improvement,Amazon.com
072660600060,G0062021,https://www.amazon.com/8TEN-Double-Ariens-Gravely-07200028/dp/B0BWZZQ52L/ref=sr_1_1_sspa?keywords=072660600060&qid=1729237398&sr=8-1-spons&sp_csd=d2lkZ2V0TmFtZT1zcF9idGY&psc=1,B0BWZZQ52L,"622,533",32.95,22.13503,Lawn Mower Belts,Mishon Corporation
072660600060,G0062021,https://www.amazon.com/Czomoizc-07200028-072-00028-Compatible-Gravely/dp/B0CYH3KQBT/ref=sr_1_2_sspa?keywords=072660600060&qid=1729237398&sr=8-2-spons&sp_csd=d2lkZ2V0TmFtZT1zcF9idGY&psc=1,B0CYH3KQBT,"342,667",32.50,21.685029999999998,Lawn Mower Belts,Amazon
072660600207,G0062566,https://www.amazon.com/Czomoizc-07200028-072-00028-Compatible-Gravely/dp/B0CYH3KQBT/ref=sr_1_1_sspa?keywords=072660600207&qid=1729237429&sr=8-1-spons&sp_csd=d2lkZ2V0TmFtZT1zcF9idGY&psc=1,B0CYH3KQBT,"342,667",32.50,24.25945,Lawn Mower Belts,Amazon
072660600207,G0062566,https://www.amazon.com/8TEN-Ariens-Gravely-07200002-40-Inch/dp/B0BX18DRSP/ref=sr_1_2_sspa?keywords=072660600207&qid=1729237429&sr=8-2-spons&sp_csd=d2lkZ2V0TmFtZT1zcF9idGY&psc=1,B0BX18DRSP,"258,869",15.95,7.709449999999999,Lawn Mower Belts,Amazon
072660600207,G0062566,https://www.amazon.com/Hustler-Replacement-789388-8x152-MODELS/dp/B074DRTD73/ref=sr_1_3_sspa?keywords=072660600207&qid=1729237429&sr=8-3-spons&sp_csd=d2lkZ2V0TmFtZT1zcF9idGY&psc=1,B074DRTD73,"266,637",34.99,26.749450000000003,Lawn Mower Belts,Amazon
072660600207,G0062566,https://www.amazon.com/Kevlar-Compatible-Gravely-07200023-ZT1640/dp/B0932WLNC9/ref=sr_1_4_sspa?keywords=072660600207&qid=1729237429&sr=8-4-spons&sp_csd=d2lkZ2V0TmFtZT1zcF9idGY&psc=1,B0932WLNC9,"480,688",39.99,31.749450000000003,Lawn Mower Belts,Amazon
072660600207,G0062566,https://www.amazon.com/8TEN-GR1548FX-PWKA1648S-EGWKA1548S-EHWKA1948S/dp/B0BSYLGG3Q/ref=sr_1_5_sspa?keywords=072660600207&qid=1729237429&sr=8-5-spons&sp_csd=d2lkZ2V0TmFtZT1zcF9idGY&psc=1,B0BSYLGG3Q,"649,990",19.95,11.709449999999999,Lawn Mower Belts,Mishon Corporation
072660600207,G0062566,https://www.amazon.com/8TEN-Gravely-RZT-S50-07200524-954-04330/dp/B0BX1G6SMY/ref=sr_1_6_sspa?keywords=072660600207&qid=1729237429&sr=8-6-spons&sp_csd=d2lkZ2V0TmFtZT1zcF9idGY&psc=1,B0BX1G6SMY,"243,933",24.95,16.709449999999997,Lawn Mower Belts,Mishon Corporation
072660600207,G0062566,https://www.amazon.com/8TEN-Covered-Gravely-HVZ1840-07241800/dp/B07W626T4H/ref=sr_1_7_sspa?keywords=072660600207&qid=1729237429&sr=8-7-spons&sp_csd=d2lkZ2V0TmFtZT1zcF9idGY&psc=1,B07W626T4H,"207,848",16.95,8.709449999999999,Lawn Mower Belts,Mishon Corporation
072660600207,G0062566,https://www.amazon.com/8TEN-Clutch-Ariens-7241400-07241400/dp/B07TW8VVY8/ref=sr_1_8_sspa?keywords=072660600207&qid=1729237429&sr=8-8-spons&sp_csd=d2lkZ2V0TmFtZT1zcF9idGY&psc=1,B07TW8VVY8,"494,737",17.95,9.709449999999999,Lawn Mower Belts,Mishon Corporation
72660600300,G0061236,https://www.amazon.com/s?k=072660600300,N/A,N/A,N/A,N/A,N/A,N/A
076174221749,G4597774,https://www.amazon.com/Stanley-22-174-6-Inch-Double-Bastard/dp/B004EBL4L0/ref=sr_1_1?dib=eyJ2IjoiMSJ9.np0GqyyVRgBW-ycgtDq8yw.AIaCR7LePwUMk5aUrt6qRMVdFrrZ0sZuS6v2k9pRO5Q&dib_tag=se&keywords=076174221749&qid=1729237518&sr=8-1,B004EBL4L0,"1,185,420",13.86,8.217929999999999,Tools & Home Improvement,Quality Tool Warehouse
190735739945,G5292086,https://www.amazon.com/Hand-File-Dbl-Black-Oxide/dp/B084DV7WGV/ref=sr_1_1?dib=eyJ2IjoiMSJ9.c6fNi6aueeNXFYnoWvyPxA.JvCgs4Wuf54ym1TR5WrGKmCWYB-qaJ8iSkaIl-5pNI4&dib_tag=se&keywords=190735739945&qid=1729237538&sr=8-1,B084DV7WGV,N/A,39.40,8.543049999999997,N/A,"SIM Supply, Inc."
190735805138,G9089954,https://www.amazon.com/File-Set-American-Assorted-pcs/dp/B084DX7DZW/ref=sr_1_1?dib=eyJ2IjoiMSJ9.T-jNdvcvp4DBgTFZdmHpIA.vKUNe970KaI0hQ0Lp5iNLIKB9lRr41mWR-lOF8w-Tks&dib_tag=se&keywords=190735805138&qid=1729237563&sr=8-1,B084DX7DZW,N/A,71.66,1.3446499999999872,N/A,Retail Hunters USA
190735731987,G5089524,https://www.amazon.com/Bapmic-Front-34356790303-34356790304-Sensor/dp/B01N13BYYB/ref=sr_1_1_sspa?keywords=190735731987&qid=1729237588&sr=8-1-spons&sp_csd=d2lkZ2V0TmFtZT1zcF9idGY&psc=1&smid=A2MIOKJ0DJYQIH,B01N13BYYB,"163,363",9.99,-1.9076700000000013,Automotive,Amazon
190735731987,G5089524,https://www.amazon.com/TRIAX-Synergy-SRT-0W-30-Protection/dp/B0938SZ9PR/ref=sr_1_2_sspa?keywords=190735731987&qid=1729237588&sr=8-2-spons&sp_csd=d2lkZ2V0TmFtZT1zcF9idGY&th=1,B0938SZ9PR,"145,467",38.49,26.59233,Automotive,Amazon
190735731987,G5089524,https://www.amazon.com/Royal-Purple-06540-6PK-API-Licensed-Performance/dp/B00ELHTFUO/ref=sr_1_3_sspa?keywords=190735731987&qid=1729237588&sr=8-3-spons&sp_csd=d2lkZ2V0TmFtZT1zcF9idGY&th=1,B00ELHTFUO,"66,365",58.03,46.132329999999996,Automotive,Amazon.com
190735739686,G7503991,https://www.amazon.com/TRIAX-Synergy-SRT-0W-30-Protection/dp/B0938SZ9PR/ref=sr_1_1_sspa?keywords=190735739686&qid=1729237627&sr=8-1-spons&sp_csd=d2lkZ2V0TmFtZT1zcF9idGY&th=1,B0938SZ9PR,"145,467",38.49,30.56223,Automotive,Amazon
190735739686,G7503991,https://www.amazon.com/Royal-Purple-06540-6PK-API-Licensed-Performance/dp/B00ELHTFUO/ref=sr_1_2_sspa?keywords=190735739686&qid=1729237627&sr=8-2-spons&sp_csd=d2lkZ2V0TmFtZT1zcF9idGY&th=1,B00ELHTFUO,"66,365",58.03,50.10223,Automotive,Amazon.com
190735732311,G7455034,https://www.amazon.com/Batman-Doom-Gotham-Blu-ray-Digital/dp/B0BSR4LC3W/ref=sr_1_1_sspa?keywords=190735732311&qid=1729237648&sr=8-1-spons&sp_csd=d2lkZ2V0TmFtZT1zcF9idGY&psc=1,B0BSR4LC3W,"22,175",14.96,10.20815,Movies & TV,Amazon.com
190735732311,G7455034,https://www.amazon.com/Wizard-OZ-Anniversary-Theater-Steelbook/dp/B0DCK5F3Z4/ref=sr_1_2_sspa?keywords=190735732311&qid=1729237648&sr=8-2-spons&sp_csd=d2lkZ2V0TmFtZT1zcF9idGY&psc=1,B0DCK5F3Z4,651,68.99,64.23814999999999,Movies & TV,Amazon.com
190735732311,G7455034,https://www.amazon.com/Rocky-Heavyweight-Collection-Balboa-Blu-ray/dp/B00HF98SJY/ref=sr_1_3_sspa?keywords=190735732311&qid=1729237648&sr=8-3-spons&sp_csd=d2lkZ2V0TmFtZT1zcF9idGY&psc=1,B00HF98SJY,"1,179",24.22,19.468149999999998,Movies & TV,Amazon.com
190735755259,G3180886,https://www.amazon.com/s?k=190735755259,N/A,N/A,N/A,N/A,N/A,N/A
037103121660,G4072241,https://www.amazon.com/NICHOLSON-12166-Home-Tools-Files/dp/B00018AD9E/ref=sr_1_1?dib=eyJ2IjoiMSJ9.kSAYMB3oX6Xln7GUUMMUPzTbS8R8ptNnvjS_WHWjvMTGjHj071QN20LucGBJIEps.3famCG9RcXzeYYZVCtjPP08MPpHs75Jz_S4O5gvNpH0&dib_tag=se&keywords=037103121660&qid=1729237706&sr=8-1,B00018AD9E,"475,345",9.99,-14.370750000000003,Tools & Home Improvement,Design Werks
037103121660,G4072241,https://www.amazon.com/Nicholson-American-Pattern-Single-Medium/dp/B000REJLRC/ref=sr_1_2?dib=eyJ2IjoiMSJ9.kSAYMB3oX6Xln7GUUMMUPzTbS8R8ptNnvjS_WHWjvMTGjHj071QN20LucGBJIEps.3famCG9RcXzeYYZVCtjPP08MPpHs75Jz_S4O5gvNpH0&dib_tag=se&keywords=037103121660&qid=1729237706&sr=8-2,B000REJLRC,N/A,20.25,-4.110750000000003,N/A,Amazon.com
037103121660,G4072241,https://www.amazon.com/NICHOLSON-File-Round-12166-Each/dp/B07WWH5DCN/ref=sr_1_3?dib=eyJ2IjoiMSJ9.kSAYMB3oX6Xln7GUUMMUPzTbS8R8ptNnvjS_WHWjvMTGjHj071QN20LucGBJIEps.3famCG9RcXzeYYZVCtjPP08MPpHs75Jz_S4O5gvNpH0&dib_tag=se&keywords=037103121660&qid=1729237706&sr=8-3,B07WWH5DCN,N/A,129.80,105.43925000000002,N/A,Empire Rigging & Supply
037103333704,G0661175,https://www.amazon.com/Nicholson-Hand-American-Pattern-Rectangular/dp/B00018ACTA/ref=sr_1_1?dib=eyJ2IjoiMSJ9.oV1xpd-LpEWFCjU07nM1O1NWaH-c5TpW9Y_jkD7cFPA.qusmNRM3lxWnIk57dWOri62UeoyJ1c6IZmatQpGoNhk&dib_tag=se&keywords=037103333704&qid=1729237757&sr=8-1&th=1,B00018ACTA,"387,055",22.24,-3.3718700000000013,Tools & Home Improvement,Amazon
037103333704,G0661175,https://www.amazon.com/Nicholson-File-Smooth-254mm-03731NN/dp/B07YD5RYBK/ref=sr_1_2?dib=eyJ2IjoiMSJ9.oV1xpd-LpEWFCjU07nM1O1NWaH-c5TpW9Y_jkD7cFPA.qusmNRM3lxWnIk57dWOri62UeoyJ1c6IZmatQpGoNhk&dib_tag=se&keywords=037103333704&qid=1729237757&sr=8-2,B07YD5RYBK,N/A,33.10,7.488130000000002,N/A,N/A
037103333704,G0661175,https://www.amazon.com/PFERD-Tanged-Without-Handle-special/dp/B0024R0H6O/ref=sr_1_3_sspa?dib=eyJ2IjoiMSJ9.oV1xpd-LpEWFCjU07nM1O1NWaH-c5TpW9Y_jkD7cFPA.qusmNRM3lxWnIk57dWOri62UeoyJ1c6IZmatQpGoNhk&dib_tag=se&keywords=037103333704&qid=1729237757&sr=8-3-spons&sp_csd=d2lkZ2V0TmFtZT1zcF9idGY&th=1,B0024R0H6O,"282,154",25.96,0.34813000000000116,Tools & Home Improvement,Amazon.com
037103333704,G0661175,https://www.amazon.com/Inch-Half-Round-Type-Hand/dp/B00CYLU7WY/ref=sr_1_4_sspa?dib=eyJ2IjoiMSJ9.oV1xpd-LpEWFCjU07nM1O1NWaH-c5TpW9Y_jkD7cFPA.qusmNRM3lxWnIk57dWOri62UeoyJ1c6IZmatQpGoNhk&dib_tag=se&keywords=037103333704&qid=1729237757&sr=8-4-spons&sp_csd=d2lkZ2V0TmFtZT1zcF9idGY&th=1,B00CYLU7WY,"857,877",18.99,-6.621870000000001,Tools & Home Improvement,Amazon.com
037103333704,G0661175,https://www.amazon.com/NICHOLSON-07917N-Home-Tools-Files/dp/B00HDSGHRW/ref=sr_1_5_sspa?dib=eyJ2IjoiMSJ9.oV1xpd-LpEWFCjU07nM1O1NWaH-c5TpW9Y_jkD7cFPA.qusmNRM3lxWnIk57dWOri62UeoyJ1c6IZmatQpGoNhk&dib_tag=se&keywords=037103333704&qid=1729237757&sr=8-5-spons&sp_csd=d2lkZ2V0TmFtZT1zcF9idGY&psc=1,B00HDSGHRW,"310,394",32.78,7.1681300000000014,Tools & Home Improvement,Amazon
037103333704,G0661175,https://www.amazon.com/Nicholson-American-Pattern-Double-Rectangular/dp/B000RELOMW/ref=sr_1_6_sspa?dib=eyJ2IjoiMSJ9.oV1xpd-LpEWFCjU07nM1O1NWaH-c5TpW9Y_jkD7cFPA.qusmNRM3lxWnIk57dWOri62UeoyJ1c6IZmatQpGoNhk&dib_tag=se&keywords=037103333704&qid=1729237757&sr=8-6-spons&sp_csd=d2lkZ2V0TmFtZT1zcF9idGY&th=1,B000RELOMW,"387,055",25.99,0.37812999999999874,Tools & Home Improvement,Amazon
037103333704,G0661175,https://www.amazon.com/SHARPAL-BUDDYGUARD-Dual-Grit-Sharpener-Sharpening/dp/B07GKSC8PM/ref=sr_1_7_sspa?dib=eyJ2IjoiMSJ9.oV1xpd-LpEWFCjU07nM1O1NWaH-c5TpW9Y_jkD7cFPA.qusmNRM3lxWnIk57dWOri62UeoyJ1c6IZmatQpGoNhk&dib_tag=se&keywords=037103333704&qid=1729237757&sr=8-7-spons&sp_csd=d2lkZ2V0TmFtZT1zcF9idGY&th=1,B07GKSC8PM,"4,306",29.65,4.038129999999999,Tools & Home Improvement,Amazon
037103334282,G3525831,https://www.amazon.com/Nicholson-Rectangular-Tungsten-American-Pattern/dp/B001G7UO6Q/ref=sr_1_1?dib=eyJ2IjoiMSJ9.w6b8z5FUvEegx9cI1otvuXcNHppoFMSE1BRz2nfT1CQ.NTe9HS2XMcJgRgSMp2l2suUBTf1vA5ASzs_6OacnS0g&dib_tag=se&keywords=037103334282&qid=1729237850&sr=8-1,B001G7UO6Q,N/A,10.92,0.8268299999999993,N/A,N/A
037103334282,G3525831,https://www.amazon.com/Crescent-Nicholson-Double-Rectangular-Tungsten/dp/B08FX5DJ2T/ref=sr_1_2?dib=eyJ2IjoiMSJ9.w6b8z5FUvEegx9cI1otvuXcNHppoFMSE1BRz2nfT1CQ.NTe9HS2XMcJgRgSMp2l2suUBTf1vA5ASzs_6OacnS0g&dib_tag=se&keywords=037103334282&qid=1729237850&sr=8-2,B08FX5DJ2T,N/A,22.21,12.11683,N/A,N/A
037103334282,G3525831,https://www.amazon.com/PFERD-Tanged-Without-Handle-special/dp/B0024R0H6O/ref=sr_1_3_sspa?dib=eyJ2IjoiMSJ9.w6b8z5FUvEegx9cI1otvuXcNHppoFMSE1BRz2nfT1CQ.NTe9HS2XMcJgRgSMp2l2suUBTf1vA5ASzs_6OacnS0g&dib_tag=se&keywords=037103334282&qid=1729237850&sr=8-3-spons&sp_csd=d2lkZ2V0TmFtZT1zcF9idGY&th=1,B0024R0H6O,"282,154",25.96,15.86683,Tools & Home Improvement,Amazon.com
037103334282,G3525831,https://www.amazon.com/Nicholson-American-Pattern-Double-Rectangular/dp/B000RELOMW/ref=sr_1_4_sspa?dib=eyJ2IjoiMSJ9.w6b8z5FUvEegx9cI1otvuXcNHppoFMSE1BRz2nfT1CQ.NTe9HS2XMcJgRgSMp2l2suUBTf1vA5ASzs_6OacnS0g&dib_tag=se&keywords=037103334282&qid=1729237850&sr=8-4-spons&sp_csd=d2lkZ2V0TmFtZT1zcF9idGY&th=1,B000RELOMW,"387,055",25.99,15.896829999999998,Tools & Home Improvement,Amazon
037103334282,G3525831,https://www.amazon.com/6-inch-Medium-Hardened-Without-Plastic/dp/B0B2J1MMRC/ref=sr_1_5_sspa?dib=eyJ2IjoiMSJ9.w6b8z5FUvEegx9cI1otvuXcNHppoFMSE1BRz2nfT1CQ.NTe9HS2XMcJgRgSMp2l2suUBTf1vA5ASzs_6OacnS0g&dib_tag=se&keywords=037103334282&qid=1729237850&sr=8-5-spons&sp_csd=d2lkZ2V0TmFtZT1zcF9idGY&th=1,B0B2J1MMRC,"12,682",4.89,-5.203170000000001,Tools & Home Improvement,Amazon
037103334282,G3525831,https://www.amazon.com/Premium-Precision-Triangle-Half-Round-Complete/dp/B0BYYNTSPD/ref=sr_1_6_sspa?dib=eyJ2IjoiMSJ9.w6b8z5FUvEegx9cI1otvuXcNHppoFMSE1BRz2nfT1CQ.NTe9HS2XMcJgRgSMp2l2suUBTf1vA5ASzs_6OacnS0g&dib_tag=se&keywords=037103334282&qid=1729237850&sr=8-6-spons&sp_csd=d2lkZ2V0TmFtZT1zcF9idGY&th=1,B0BYYNTSPD,"587,929",16.39,6.29683,Tools & Home Improvement,Amazon
037103334282,G3525831,https://www.amazon.com/Chartpak-Adjustable-Burnisher-standard-tip/dp/B001Q5LN86/ref=sr_1_7_sspa?dib=eyJ2IjoiMSJ9.w6b8z5FUvEegx9cI1otvuXcNHppoFMSE1BRz2nfT1CQ.NTe9HS2XMcJgRgSMp2l2suUBTf1vA5ASzs_6OacnS0g&dib_tag=se&keywords=037103334282&qid=1729237850&sr=8-7-spons&sp_csd=d2lkZ2V0TmFtZT1zcF9idGY&psc=1,B001Q5LN86,"75,216",16.41,6.3168299999999995,,Amazon.com
037103334282,G3525831,https://www.amazon.com/Guitar-Bridge-Saddle-Nut-Files/dp/B01LQO3GGS/ref=sr_1_8_sspa?dib=eyJ2IjoiMSJ9.w6b8z5FUvEegx9cI1otvuXcNHppoFMSE1BRz2nfT1CQ.NTe9HS2XMcJgRgSMp2l2suUBTf1vA5ASzs_6OacnS0g&dib_tag=se&keywords=037103334282&qid=1729237850&sr=8-8-spons&sp_csd=d2lkZ2V0TmFtZT1zcF9idGY&psc=1,B01LQO3GGS,"3,680",10.59,0.4968299999999992,Musical Instruments,Amazon
037103334282,G3525831,https://www.amazon.com/WORKPRO-W051002-in-Flat-File/dp/B077Q1PVSS/ref=sr_1_9_sspa?dib=eyJ2IjoiMSJ9.w6b8z5FUvEegx9cI1otvuXcNHppoFMSE1BRz2nfT1CQ.NTe9HS2XMcJgRgSMp2l2suUBTf1vA5ASzs_6OacnS0g&dib_tag=se&keywords=037103334282&qid=1729237850&sr=8-9-spons&sp_csd=d2lkZ2V0TmFtZT1zcF9idGY&th=1,B077Q1PVSS,"3,241",9.95,-0.14317000000000135,Industrial & Scientific,Amazon.com
037103378910,G905658273,https://www.amazon.com/Nicholson-Needle-Handle-Pattern-Coarseness/dp/B001R1SC9M/ref=sr_1_1?dib=eyJ2IjoiMSJ9.dKfD2plbTUHfBDSMM_2w3drbWt3L1Mm5DEm4nVK0THA.zq96eXowsJEVO4XHAVV16HJgVA3JO8XC42vnqxESPTw&dib_tag=se&keywords=037103378910&qid=1729237950&sr=8-1&th=1,B001R1SC9M,"2,790,353",24.74,7.428829999999998,Tools & Home Improvement,"SIM Supply, Inc."
037103378910,G905658273,https://www.amazon.com/Nicholson-File-Needle-37891-Each/dp/B07WPF53GK/ref=sr_1_2?dib=eyJ2IjoiMSJ9.dKfD2plbTUHfBDSMM_2w3drbWt3L1Mm5DEm4nVK0THA.zq96eXowsJEVO4XHAVV16HJgVA3JO8XC42vnqxESPTw&dib_tag=se&keywords=037103378910&qid=1729237950&sr=8-2,B07WPF53GK,N/A,200.19,182.87883,N/A,Empire Rigging & Supply
037103378910,G905658273,https://www.amazon.com/Nicholson-American-Pattern-Single-Rectangular/dp/B000AYFXOO/ref=sr_1_3_sspa?dib=eyJ2IjoiMSJ9.dKfD2plbTUHfBDSMM_2w3drbWt3L1Mm5DEm4nVK0THA.zq96eXowsJEVO4XHAVV16HJgVA3JO8XC42vnqxESPTw&dib_tag=se&keywords=037103378910&qid=1729237950&sr=8-3-spons&sp_csd=d2lkZ2V0TmFtZT1zcF9idGY&psc=1,B000AYFXOO,"1,019,857",20.49,3.178829999999998,Tools & Home Improvement,"SIM Supply, Inc."
037103131966,G1088376,https://www.amazon.com/Nicholson-American-Pattern-Double-Square/dp/B00018ADBM/ref=sr_1_1?dib=eyJ2IjoiMSJ9.bYQy9B7mXeeSAzk2Bg2PCw.C7-ULpeRq8gtdYi0__hG-7ma_S7p-YAUegeqEgUaU20&dib_tag=se&keywords=037103131966&qid=1729237995&sr=8-1&th=1,B00018ADBM,N/A,"-16%
13
45",N/A,N/A,N/A
782001830915,G0792522,https://www.amazon.com/Mersen-US6J3I-60A-Ultrasafe-2-Pack/dp/B0025PP25G/ref=sr_1_1?dib=eyJ2IjoiMSJ9.wKFeHU41cHXYj21KmUgD9Q.CDwLGDFU_8Nw6WbL1I0CGrDY-xiUz2Kl1FLsbwSAotM&dib_tag=se&keywords=782001830915&qid=1729238021&sr=8-1,B0025PP25G,"1,391,035",165.41,6.626029999999986,Industrial & Scientific,"SIM Supply, Inc."
782001415044,G2608112,https://www.amazon.com/MFZ-Tri-Onic-Trs-R-TRS15RID-600V/dp/B09NQDB834/ref=sr_1_1?dib=eyJ2IjoiMSJ9.VgQujhhTE-zFPvkIX9wkeA.M7xFpNHsF7F1QIqVbVbR9WuLqFaZpWlPdYqE9uGrQYs&dib_tag=se&keywords=782001415044&qid=1729238038&sr=8-1,B09NQDB834,N/A,24.84,8.65965,N/A,"SIM Supply, Inc."
782001764203,G2892811,https://www.amazon.com/Mersen-Ceramic-Time-Delay-Electronic-Diameter/dp/B00F58X590/ref=sr_1_1?dib=eyJ2IjoiMSJ9.j6OH5KYpbDA_YWxnX5Cyrg.lsV4hZNXL_J0CJMKap8AJ4qwc5KQPivpwLzLSXWfIWE&dib_tag=se&keywords=782001764203&qid=1729238064&sr=8-1,B00F58X590,"2,840,473",13.52,7.03583,Tools & Home Improvement,"SIM Supply, Inc."
782001498047,G1968023,https://www.amazon.com/s?k=782001498047,N/A,N/A,N/A,N/A,N/A,N/A
782001757380,G1456305,https://www.amazon.com/Mersen-Amp-Trap-SmartSpot-Time-Delay-Connector/dp/B00F57XZFK/ref=sr_1_1?dib=eyJ2IjoiMSJ9.7mUf70VpkuxZxmz2FVrOQQ.4dcwcaO9aiqMTa644B4WLVIxycRbLD_EhCdEQYaq7rg&dib_tag=se&keywords=782001757380&qid=1729238096&sr=8-1,B00F57XZFK,N/A,117.59,74.7632,N/A,N/A
782001905095,G1832196,https://www.amazon.com/Mersen-Amp-Trap-600VAC-Ampere-Diameter/dp/B002E7WDN4/ref=sr_1_1?dib=eyJ2IjoiMSJ9.eRBVakg4REjX3x9Ftayz5w.8o1ooRk7TABHRXty2w5v2re002Z9K57CWLUgaP9qHXc&dib_tag=se&keywords=782001905095&qid=1729238152&sr=8-1,B002E7WDN4,"2,806,004",13.84,5.840049999999999,Tools & Home Improvement,"SIM Supply, Inc."
